{"cameraMode":{"drawMode":0,"name":"Shaded","section":"Shading Mode"},"sceneLighting":true,"audioPlay":false,"sceneViewState":{"showFog":true,"showMaterialUpdate":false,"showSkybox":true,"showFlares":true,"showImageEffects":true,"showParticleSystems":true},"in2DMode":false,"pivot":{"x":-117.05538177490235,"y":-64.79715728759766,"z":74.9287109375},"rotation":{"x":-0.19150307774543763,"y":0.4631611704826355,"z":-0.1032416895031929,"w":-0.8591808676719666},"size":81.39410400390625,"orthographic":false}